{
    "providers": [
        { "type": "bitmap", "file": "minecraft:custom/empty.png", "ascent": 18, "height": 24, "chars": ["Empty"] },
        { "type": "bitmap", "file": "minecraft:custom/strength.png", "ascent": 18, "height": 24, "chars": ["Strength"] },
        { "type": "bitmap", "file": "minecraft:custom/heart.png", "ascent": 18, "height": 24, "chars": ["Heart"] },
        { "type": "bitmap", "file": "minecraft:custom/haste.png", "ascent": 18, "height": 24, "chars": ["Haste"] },
        { "type": "bitmap", "file": "minecraft:custom/invis.png", "ascent": 18, "height": 24, "chars": ["Invis"] },
        { "type": "bitmap", "file": "minecraft:custom/feather.png", "ascent": 18, "height": 24, "chars": ["Feather"] },
        { "type": "bitmap", "file": "minecraft:custom/frost.png", "ascent": 18, "height": 24, "chars": ["Frost"] },
        { "type": "bitmap", "file": "minecraft:custom/thunder.png", "ascent": 18, "height": 24, "chars": ["Thunder"] },
        { "type": "bitmap", "file": "minecraft:custom/regen.png", "ascent": 18, "height": 24, "chars": ["Regen"] },
        { "type": "bitmap", "file": "minecraft:custom/ocean.png", "ascent": 18, "height": 24, "chars": ["Ocean"] },
        { "type": "bitmap", "file": "minecraft:custom/fire.png", "ascent": 18, "height": 24, "chars": ["Fire"] },
        { "type": "bitmap", "file": "minecraft:custom/emerald.png", "ascent": 18, "height": 24, "chars": ["Emerald"] },
        { "type": "bitmap", "file": "minecraft:custom/ender.png", "ascent": 18, "height": 24, "chars": ["Ender"] },
        { "type": "bitmap", "file": "minecraft:custom/speed.png", "ascent": 18, "height": 24, "chars": ["Speed"] },

        { "type": "bitmap", "file": "minecraft:custom/strengthspark.png", "ascent": 18, "height": 24, "chars": ["StrengthSpark"] },
        { "type": "bitmap", "file": "minecraft:custom/heartspark.png", "ascent": 18, "height": 24, "chars": ["HeartSpark"] },
        { "type": "bitmap", "file": "minecraft:custom/hastespark.png", "ascent": 18, "height": 24, "chars": ["HasteSpark"] },
        { "type": "bitmap", "file": "minecraft:custom/invisspark.png", "ascent": 18, "height": 24, "chars": ["InvisSpark"] },
        { "type": "bitmap", "file": "minecraft:custom/featherspark.png", "ascent": 18, "height": 24, "chars": ["FeatherSpark"] },
        { "type": "bitmap", "file": "minecraft:custom/frostspark.png", "ascent": 18, "height": 24, "chars": ["FrostSpark"] },
        { "type": "bitmap", "file": "minecraft:custom/thunderspark.png", "ascent": 18, "height": 24, "chars": ["ThunderSpark"] },
        { "type": "bitmap", "file": "minecraft:custom/regenspark.png", "ascent": 18, "height": 24, "chars": ["RegenSpark"] },
        { "type": "bitmap", "file": "minecraft:custom/oceanspark.png", "ascent": 18, "height": 24, "chars": ["OceanSpark"] },
        { "type": "bitmap", "file": "minecraft:custom/firespark.png", "ascent": 18, "height": 24, "chars": ["FireSpark"] },
        { "type": "bitmap", "file": "minecraft:custom/emeraldspark.png", "ascent": 18, "height": 24, "chars": ["EmeraldSpark"] },
        { "type": "bitmap", "file": "minecraft:custom/enderspark.png", "ascent": 18, "height": 24, "chars": ["EnderSpark"] },
        { "type": "bitmap", "file": "minecraft:custom/speedspark.png", "ascent": 18, "height": 24, "chars": ["SpeedSpark"] }
    ]
}
